1,	1,	https://a0.muscache.com/im/pictures/96bb0835-f4f0-4974-8aaf-5c75ff78a92f.jpg?im_w=720&im_format=avif,	https://a0.muscache.com/im/pictures/016d4251-10a6-4322-bcfe-d29d62809a14.jpg?im_w=720&im_format=avif,	https://a0.muscache.com/im/pictures/779442a5-54b8-4b03-9059-4c7354741f45.jpg?im_w=720&im_format=avif
2,	2,	https://a0.muscache.com/im/pictures/miso/Hosting-1153813229533405182/original/db1ec165-afc1-443d-8306-760c07560b0c.jpeg?im_w=720&im_format=avif,	https://a0.muscache.com/im/pictures/miso/Hosting-1153813229533405182/original/979f8a54-cc91-4899-8979-4376d12ff350.jpeg?im_w=720&im_format=avif,	https://a0.muscache.com/im/pictures/miso/Hosting-1153813229533405182/original/005b03b6-7631-42e3-8742-fd5e83df0ebc.jpeg?im_w=720&im_format=avif
3,	3,	https://a0.muscache.com/im/pictures/hosting/Hosting-U3RheVN1cHBseUxpc3Rpbmc6MTE1MDM1NDE3MjI4NzYwNDU4NQ%3D%3D/original/573f7353-d02e-4481-8f71-fce8e4929d4b.jpeg?im_w=720&im_format=avif,	https://a0.muscache.com/im/pictures/hosting/Hosting-U3RheVN1cHBseUxpc3Rpbmc6MTE1MDM1NDE3MjI4NzYwNDU4NQ%3D%3D/original/83f1f9a7-de61-46ed-b1c5-2b4df719365d.jpeg?im_w=720&im_format=avif,	https://a0.muscache.com/im/pictures/hosting/Hosting-U3RheVN1cHBseUxpc3Rpbmc6MTE1MDM1NDE3MjI4NzYwNDU4NQ%3D%3D/original/9682cc07-76ed-4e19-92ef-0d96093eecfb.jpeg?im_w=720&im_format=avif
4,	4,	https://a0.muscache.com/im/pictures/hosting/Hosting-1272641678639526690/original/d1c86f85-e831-4c38-b5b5-0aa07a5d346b.jpeg?im_w=1200&im_format=avif,	https://a0.muscache.com/im/pictures/hosting/Hosting-1272641678639526690/original/971706b7-ec5f-4bc5-bb08-5bb8de270629.jpeg?im_w=720&im_format=avif,	https://a0.muscache.com/im/pictures/hosting/Hosting-1272641678639526690/original/99289b16-c1c1-497d-87d1-3186688003d3.jpeg?im_w=720&im_format=avif
5,	5,	https://a0.muscache.com/im/pictures/miso/Hosting-1293810618035936862/original/844c017e-01ba-4a10-8421-61d9eb5d6b83.jpeg?im_w=1200&im_format=avif,	https://a0.muscache.com/im/pictures/miso/Hosting-1293810618035936862/original/9389b49b-eff1-4c86-827c-e16e73775fa9.jpeg?im_w=720&im_format=avif,	https://a0.muscache.com/im/pictures/miso/Hosting-1293810618035936862/original/651e6a74-2db6-4d6f-86ee-2c91a6e301e5.jpeg?im_w=720&im_format=avif
6,	6,	https://a0.muscache.com/im/pictures/miso/Hosting-961904473197892440/original/b8c6031e-8977-47cf-aae7-0bbf098dfefd.jpeg?im_w=1200&im_format=avif,	https://a0.muscache.com/im/pictures/miso/Hosting-961904473197892440/original/58059072-4c1b-4beb-940b-0e069adc6bd6.jpeg?im_w=720&im_format=avif,	https://a0.muscache.com/im/pictures/miso/Hosting-961904473197892440/original/c41b8726-03dc-40e8-8099-f9ef9f10f5f3.jpeg?im_w=720&im_format=avif
7,	7,	https://a0.muscache.com/im/pictures/airflow/Hosting-596214956034116105/original/c94eb172-1afa-41dd-9ca0-d94d77fb6868.jpg?im_w=1200&im_format=avif,	https://a0.muscache.com/im/pictures/miso/Hosting-596214956034116105/original/50f7c38b-2f1e-494d-8778-12d22e70a7b2.jpeg?im_w=720&im_format=avif,	https://a0.muscache.com/im/pictures/airflow/Hosting-596214956034116105/original/e2b4e162-faee-4a1b-8ae6-8f3b63894fef.jpg?im_w=720&im_format=avif
8,	8,	https://a0.muscache.com/im/pictures/miso/Hosting-897891625228484314/original/ec30f178-b96b-4f70-8955-95e094e3a807.jpeg?im_w=1200&im_format=avif,	https://a0.muscache.com/im/pictures/miso/Hosting-897891625228484314/original/db11f469-f723-41b1-9224-df268550705a.jpeg?im_w=720&im_format=avif,	https://a0.muscache.com/im/pictures/miso/Hosting-897891625228484314/original/38138414-c636-4bbf-a574-25571c200b17.jpeg?im_w=720&im_format=avif
9,	9,	https://a0.muscache.com/im/pictures/hosting/Hosting-U3RheVN1cHBseUxpc3Rpbmc6NzMwNTUwMjIxOTEyNTI5NzUy/original/3ffc8b92-b702-474d-8dd6-2fb71111f63e.jpeg?im_w=1200&im_format=avif,	https://a0.muscache.com/im/pictures/hosting/Hosting-U3RheVN1cHBseUxpc3Rpbmc6NzMwNTUwMjIxOTEyNTI5NzUy/original/896719c7-bd03-42b1-bc1c-8e8513309f7c.jpeg?im_w=720&im_format=avif,	https://a0.muscache.com/im/pictures/miso/Hosting-730550221912529752/original/e0e113e1-8049-4f14-b1c3-33b072cdd45c.jpeg?im_w=720&im_format=avif
10,	10,	https://a0.muscache.com/im/pictures/hosting/Hosting-1026988150694351404/original/223745ce-4d3e-42b2-906b-b36fe16d3871.jpeg?im_w=1200&im_format=avif,	https://a0.muscache.com/im/pictures/hosting/Hosting-1026988150694351404/original/bfb78e90-5c35-4668-9062-ba5ed694da38.jpeg?im_w=720&im_format=avif,	https://a0.muscache.com/im/pictures/hosting/Hosting-1026988150694351404/original/c2c4ba66-c482-41a3-95dc-8f5f189595a0.jpeg?im_w=720&im_format=avif
11,	11,	https://a0.muscache.com/im/pictures/hosting/Hosting-832107071080401859/original/7aa62080-4388-4b6b-a5b7-e0c8a0c6115b.jpeg?im_w=1200&im_format=avif,	https://a0.muscache.com/im/pictures/941c00f8-5448-4e87-a3b4-ddc54039651d.jpg?im_w=720&im_format=avif,	https://a0.muscache.com/im/pictures/7d1a59b4-a055-4241-9377-c553d97c309f.jpg?im_w=720&im_format=avif
12,	12,	https://a0.muscache.com/im/pictures/miso/Hosting-1140834040712056906/original/7e21ca42-8885-4386-a228-87031414fc9d.jpeg?im_w=1200&im_format=avif,	https://a0.muscache.com/im/pictures/miso/Hosting-1140834040712056906/original/60b169ca-457a-4b1e-be96-1c1114d0527b.jpeg?im_w=720&im_format=avif,	https://a0.muscache.com/im/pictures/miso/Hosting-1140834040712056906/original/4ab35da1-898c-4836-abfd-698668abda11.jpeg?im_w=720&im_format=avif
13,	13,	https://a0.muscache.com/im/pictures/hosting/Hosting-U3RheVN1cHBseUxpc3Rpbmc6NTAzOTQwNzU%3D/original/f5abdc61-347a-4e13-89da-b5f41465f42c.jpeg?im_w=1200&im_format=avif,	https://a0.muscache.com/im/pictures/2576cb35-4b58-4203-b4fe-dee197531189.jpg?im_w=720&im_format=avif,	https://a0.muscache.com/im/pictures/8ed0f9cf-7448-45ca-9d32-5a77fce61f1d.jpg?im_w=720&im_format=avif
14,	14,	https://a0.muscache.com/im/pictures/hosting/Hosting-1298656314932238481/original/82b5dcc4-11dc-48ed-9079-daa0a8f22274.jpeg?im_w=1200&im_format=avif,	https://a0.muscache.com/im/pictures/hosting/Hosting-1298656314932238481/original/780058ff-41e5-4067-8b29-613e7fbc62b6.jpeg?im_w=720&im_format=avif,	https://a0.muscache.com/im/pictures/hosting/Hosting-1298656314932238481/original/f3b19669-4d89-4732-8b88-18503298aac6.jpeg?im_w=720&im_format=avif
15,	15,	https://a0.muscache.com/im/pictures/hosting/Hosting-U3RheVN1cHBseUxpc3Rpbmc6MTI5NTEwNDE4NDAyNjU1Mzk5NQ%3D%3D/original/3bef79d5-6945-42c0-b27e-ff74632d942e.jpeg?im_w=1200&im_format=avif,	https://a0.muscache.com/im/pictures/hosting/Hosting-U3RheVN1cHBseUxpc3Rpbmc6MTI5Nzc5OTU5MTM0MzMyNjA5MA%3D%3D/original/15daeea3-a214-41a1-847a-1470bd9df7d3.jpeg?im_w=720&im_format=avif,	https://a0.muscache.com/im/pictures/hosting/Hosting-U3RheVN1cHBseUxpc3Rpbmc6MTI5Nzc5OTU5MTM0MzMyNjA5MA%3D%3D/original/41039119-6e65-489a-a617-76cde39c14ad.jpeg?im_w=720&im_format=avif
16,	16,	https://a0.muscache.com/im/pictures/miso/Hosting-896144810256042506/original/b9978abc-1014-404b-8f2b-63a51718a429.jpeg?im_w=1200&im_format=avif,	https://a0.muscache.com/im/pictures/miso/Hosting-896144810256042506/original/60738c46-38fa-4e79-9e30-dacd58671b6f.jpeg?im_w=720&im_format=avif,	https://a0.muscache.com/im/pictures/miso/Hosting-896144810256042506/original/579d6868-8412-49ef-84e9-c362355ab9ff.jpeg?im_w=720&im_format=avif
17,	17,	https://a0.muscache.com/im/pictures/hosting/Hosting-36039348/original/cf71edc7-e026-4f3a-ba41-e5e38d635908.jpeg?im_w=1200&im_format=avif,	https://a0.muscache.com/im/pictures/hosting/Hosting-U3RheVN1cHBseUxpc3Rpbmc6MzYwMzkzNDg%3D/original/1f587991-b697-46f9-b9c8-5a45e253ab13.jpeg?im_w=720&im_format=avif,	https://a0.muscache.com/im/pictures/hosting/Hosting-U3RheVN1cHBseUxpc3Rpbmc6MzYwMzkzNDg%3D/original/04fd76c7-67a8-4d99-99fc-c0b4957babce.jpeg?im_w=720&im_format=avif
18,	18,	https://a0.muscache.com/im/pictures/hosting/Hosting-1277854952482295964/original/144a03a8-0933-423d-8cba-239f5342fc1a.jpeg?im_w=1200&im_format=avif,	https://a0.muscache.com/im/pictures/hosting/Hosting-1277854952482295964/original/d76d9306-7b93-4a23-b8e2-0e0a7af0e4f5.jpeg?im_w=720&im_format=avif,	https://a0.muscache.com/im/pictures/hosting/Hosting-1277854952482295964/original/faf68d8e-7c16-4460-88d1-7c83657b2761.jpeg?im_w=720&im_format=avif
19,	19,	https://a0.muscache.com/im/pictures/miso/Hosting-1106017039611043416/original/e3f4137e-6fd8-4154-95a4-542595adccd1.jpeg?im_w=1200&im_format=avif,	https://a0.muscache.com/im/pictures/miso/Hosting-1106017039611043416/original/f2f9a417-bf2e-4719-a672-74b0d766c227.jpeg?im_w=720&im_format=avif,	https://a0.muscache.com/im/pictures/miso/Hosting-1106017039611043416/original/042ea5af-b8ff-47d9-8830-83d121b1fa7a.jpeg?im_w=720&im_format=avif
20,	20,	https://a0.muscache.com/im/pictures/miso/Hosting-607127802307990724/original/1f4cff68-1f32-4f90-8f09-344ee6d814be.jpeg?im_w=1200&im_format=avif,	https://a0.muscache.com/im/pictures/miso/Hosting-607127802307990724/original/7e448e2c-a0ac-42b5-8da3-a8ee2f32b574.jpeg?im_w=720&im_format=avif,	https://a0.muscache.com/im/pictures/miso/Hosting-607127802307990724/original/53cd225f-21b3-4dd2-80cf-4da72e4b2876.jpeg?im_w=720&im_format=avif
21,	21,	https://a0.muscache.com/im/pictures/hosting/Hosting-1071771422682477084/original/9db17683-1f5b-4ec7-9982-b7242ef689f4.jpeg?im_w=1200&im_format=avif,	https://a0.muscache.com/im/pictures/hosting/Hosting-1071771422682477084/original/6b2669fb-5598-4f95-8eda-2ef388c02967.jpeg?im_w=720&im_format=avif,	https://a0.muscache.com/im/pictures/hosting/Hosting-1071771422682477084/original/723356a7-ed6a-4076-bd71-236b3175bdc8.jpeg?im_w=720&im_format=avif
22,	22,	https://a0.muscache.com/im/pictures/miso/Hosting-1281340487589934790/original/8f849b4b-be5e-4efb-90c8-1e5f520d3094.jpeg?im_w=1200&im_format=avif,	https://a0.muscache.com/im/pictures/miso/Hosting-1281340487589934790/original/e5908257-eed9-443c-b37f-97450b964f23.jpeg?im_w=720&im_format=avif,	https://a0.muscache.com/im/pictures/miso/Hosting-1281340487589934790/original/600f1b13-1e6d-41b4-8fa7-d68c707410e6.jpeg?im_w=720&im_format=avif
23,	23,	https://a0.muscache.com/im/pictures/877be618-a83f-4d2f-a37b-324f69830473.jpg?im_w=1200&im_format=avif,	https://a0.muscache.com/im/pictures/7547fc9b-4cef-4767-b40e-42dbb6d6a939.jpg?im_w=720&im_format=avif,	https://a0.muscache.com/im/pictures/ae18057b-1c1c-4265-b2ee-e197efec0564.jpg?im_w=720&im_format=avif
24,	24,	https://a0.muscache.com/im/pictures/miso/Hosting-914433035184425924/original/cc8981a0-1d67-42dd-bc62-7d3e4b8f2c97.jpeg?im_w=1200&im_format=avif,	https://a0.muscache.com/im/pictures/hosting/Hosting-U3RheVN1cHBseUxpc3Rpbmc6OTE0NDMzMDM1MTg0NDI1OTI0/original/65e70b3c-db90-444d-a32b-d22bcedffeb8.jpeg?im_w=720&im_format=avif,	https://a0.muscache.com/im/pictures/miso/Hosting-914433035184425924/original/45ddfcab-8e4f-4af6-a758-8a78c9dcbe63.jpeg?im_w=720&im_format=avif
25,	25,	https://a0.muscache.com/im/pictures/miso/Hosting-1065202320012150342/original/349431eb-4b33-41bf-b0c8-7606d82bc494.jpeg?im_w=1200&im_format=avif,	https://a0.muscache.com/im/pictures/4216aeab-9f1b-4da7-b9ba-0f6ddde408e9.jpg?im_w=720&im_format=avif,	https://a0.muscache.com/im/pictures/33d3ff84-9dc8-4d88-9c7f-460f44591ce7.jpg?im_w=720&im_format=avif